	timestamp	dest_ip	dest_port
0	1521394900.952762	172.17.0.2	8080
1	1521394900.952817	10.0.2.2	55952
2	1521394900.952939	172.17.0.2	8080
3	1521394900.952944	172.17.0.2	8080
4	1521394900.952983	10.0.2.2	55952
5	1521394901.053331	10.0.2.2	55952
6	1521394901.053442	10.0.2.2	55952
7	1521394901.053574	172.17.0.2	8080
8	1521394901.05358	172.17.0.2	8080
9	1521394901.053583	172.17.0.2	8080
10	1521394901.053585	172.17.0.2	8080
11	1521394901.053587	172.17.0.2	8080
12	1521394901.053589	172.17.0.2	8080
13	1521394901.053592	172.17.0.2	8080
14	1521394901.053671	10.0.2.2	55952
15	1521394901.053751	172.17.0.2	8080
16	1521394901.056015	10.0.2.2	55952
17	1521394901.056201	172.17.0.2	8080
18	1521394901.081545	172.17.0.2	8080
19	1521394901.081603	10.0.2.2	55952
20	1521394901.083664	10.0.2.2	55952
21	1521394901.083876	10.0.2.2	55952
22	1521394901.084384	172.17.0.2	8080
23	1521394901.084393	172.17.0.2	8080
24	1521394901.084396	172.17.0.2	8080
25	1521394901.084398	172.17.0.2	8080
26	1521394901.084401	172.17.0.2	8080
27	1521394903.605212	172.17.0.2	8080
28	1521394903.606702	10.0.2.2	55952
29	1521394903.606958	172.17.0.2	8080
30	1521394903.610774	172.17.0.2	8080
31	1521394903.644613	10.0.2.2	55952
32	1521394903.644783	10.0.2.2	55952
33	1521394903.644849	172.17.0.2	8080
34	1521394903.644855	172.17.0.2	8080
35	1521394903.644857	172.17.0.2	8080
36	1521394903.644859	172.17.0.2	8080
37	1521394903.644975	172.17.0.2	8080
38	1521394903.644979	172.17.0.2	8080
39	1521394903.645023	10.0.2.2	55952
40	1521394903.645127	172.17.0.2	8080
41	1521394903.649155	10.0.2.2	55952
42	1521394903.649601	172.17.0.2	8080
43	1521394903.678907	172.17.0.2	8080
44	1521394903.68048	10.0.2.2	55952
45	1521394903.680721	172.17.0.2	8080
46	1521394903.680727	172.17.0.2	8080
47	1521394903.680731	172.17.0.2	8080
48	1521394903.680853	10.0.2.2	55952
49	1521394903.68189	172.17.0.2	8080
50	1521394906.801015	172.17.0.2	8080
51	1521394906.839973	10.0.2.2	55952
52	1521394907.434008	10.0.2.2	55952
53	1521394907.43415	10.0.2.2	55952
54	1521394907.434278	10.0.2.2	55952
55	1521394907.434389	172.17.0.2	8080
56	1521394907.434396	172.17.0.2	8080
57	1521394907.434399	172.17.0.2	8080
58	1521394907.434402	172.17.0.2	8080
59	1521394907.434404	172.17.0.2	8080
60	1521394907.434406	172.17.0.2	8080
61	1521394907.434409	172.17.0.2	8080
62	1521394907.434607	172.17.0.2	8080
63	1521394907.455466	10.0.2.2	55952
64	1521394907.456627	172.17.0.2	8080
65	1521394912.048495	172.17.0.2	8080
66	1521394912.048577	10.0.2.2	55952
67	1521394912.406106	10.0.2.2	55952
68	1521394912.40621	10.0.2.2	55952
69	1521394912.406303	172.17.0.2	8080
70	1521394912.40631	172.17.0.2	8080
71	1521394912.406313	172.17.0.2	8080
72	1521394912.406315	172.17.0.2	8080
73	1521394912.406317	172.17.0.2	8080
74	1521394912.406319	172.17.0.2	8080
75	1521394912.406395	10.0.2.2	55952
76	1521394912.406458	172.17.0.2	8080
77	1521394912.407464	172.17.0.2	8080
78	1521394912.411073	10.0.2.2	55952
79	1521394912.411273	172.17.0.2	8080
80	1521394912.431239	172.17.0.2	8080
81	1521394912.43126	172.17.0.2	8080
82	1521394912.431328	10.0.2.2	55952
83	1521394912.431457	10.0.2.2	55959
84	1521394912.432476	172.17.0.2	8080
85	1521394912.432486	172.17.0.2	8080
86	1521394912.432554	10.0.2.2	55959
87	1521394912.434156	10.0.2.2	55952
88	1521394912.434341	172.17.0.2	8080
89	1521394912.4345	10.0.2.2	55952
90	1521394912.434786	172.17.0.2	8080
91	1521394912.441058	10.0.2.2	55959
92	1521394912.441323	10.0.2.2	55959
93	1521394912.442464	172.17.0.2	8080
94	1521394912.442472	172.17.0.2	8080
95	1521394912.442475	172.17.0.2	8080
96	1521394912.442478	172.17.0.2	8080
97	1521394912.442481	172.17.0.2	8080
98	1521394916.704589	172.17.0.2	8080
99	1521394916.746076	10.0.2.2	55959
100	1521394917.58927	10.0.2.2	55959
101	1521394917.589374	10.0.2.2	55959
102	1521394917.589431	172.17.0.2	8080
103	1521394917.589437	172.17.0.2	8080
104	1521394917.589482	172.17.0.2	8080
105	1521394917.589485	172.17.0.2	8080
106	1521394917.589486	172.17.0.2	8080
107	1521394917.589488	172.17.0.2	8080
108	1521394917.58949	172.17.0.2	8080
109	1521394917.58956	10.0.2.2	55959
110	1521394917.589664	172.17.0.2	8080
111	1521394917.589669	172.17.0.2	8080
112	1521394917.598533	10.0.2.2	55959
113	1521394917.603282	172.17.0.2	8080
114	1521394917.615981	172.17.0.2	8080
115	1521394917.615989	172.17.0.2	8080
116	1521394917.616046	10.0.2.2	55959
117	1521394917.62489	10.0.2.2	55952
118	1521394917.625069	10.0.2.2	55952
119	1521394917.625395	172.17.0.2	8080
120	1521394917.625402	172.17.0.2	8080
121	1521394917.625404	172.17.0.2	8080
122	1521394917.62645	172.17.0.2	8080
123	1521394917.63227	10.0.2.2	55959
124	1521394917.632467	10.0.2.2	55959
125	1521394917.632649	172.17.0.2	8080
126	1521394917.632655	172.17.0.2	8080
127	1521394922.304678	172.17.0.2	8080
128	1521394922.347978	10.0.2.2	55959
129	1521394922.75209	10.0.2.2	55959
130	1521394922.752209	10.0.2.2	55959
131	1521394922.752343	172.17.0.2	8080
132	1521394922.752347	172.17.0.2	8080
133	1521394922.752349	172.17.0.2	8080
134	1521394922.75235	172.17.0.2	8080
135	1521394922.752351	172.17.0.2	8080
136	1521394922.752504	172.17.0.2	8080
137	1521394922.752507	172.17.0.2	8080
138	1521394922.758613	10.0.2.2	55959
139	1521394922.759316	172.17.0.2	8080
140	1521394922.759324	172.17.0.2	8080
141	1521394922.759327	172.17.0.2	8080
142	1521394922.759329	172.17.0.2	8080
143	1521394922.759332	172.17.0.2	8080
144	1521394922.775065	172.17.0.2	8080
145	1521394922.789445	10.0.2.2	55952
146	1521394922.789689	172.17.0.2	8080
147	1521394922.789696	172.17.0.2	8080
148	1521394922.792394	172.17.0.2	8080
149	1521394922.798007	10.0.2.2	55952
150	1521394922.798278	172.17.0.2	8080
151	1521394922.80148	172.17.0.2	8080
152	1521394922.806881	10.0.2.2	55952
153	1521394922.807084	172.17.0.2	8080
154	1521394922.809691	172.17.0.2	8080
155	1521394922.813676	172.17.0.2	8080
156	1521394922.813842	10.0.2.2	55966
157	1521394922.813956	172.17.0.2	8080
158	1521394922.81396	172.17.0.2	8080
159	1521394922.814007	10.0.2.2	55968
160	1521394922.814215	172.17.0.2	8080
161	1521394922.814221	172.17.0.2	8080
162	1521394922.814258	10.0.2.2	55970
163	1521394922.814612	172.17.0.2	8080
164	1521394922.814659	172.17.0.2	8080
165	1521394922.814667	172.17.0.2	8080
166	1521394922.814669	172.17.0.2	8080
167	1521394922.814672	172.17.0.2	8080
168	1521394922.814847	10.0.2.2	55972
169	1521394922.814935	10.0.2.2	55966
170	1521394922.81501	10.0.2.2	55968
171	1521394922.815064	10.0.2.2	55970
172	1521394922.815141	172.17.0.2	8080
173	1521394922.815145	172.17.0.2	8080
174	1521394922.81526	10.0.2.2	55972
175	1521394922.82085	10.0.2.2	55968
176	1521394922.821015	172.17.0.2	8080
177	1521394922.822303	10.0.2.2	55966
178	1521394922.82259	172.17.0.2	8080
179	1521394922.822596	172.17.0.2	8080
180	1521394922.822598	172.17.0.2	8080
181	1521394922.823073	172.17.0.2	8080
182	1521394922.824984	172.17.0.2	8080
183	1521394922.835772	10.0.2.2	55970
184	1521394922.836179	172.17.0.2	8080
185	1521394922.836186	172.17.0.2	8080
186	1521394922.836188	172.17.0.2	8080
187	1521394922.838202	172.17.0.2	8080
188	1521394922.84807	10.0.2.2	55952
189	1521394922.863436	10.0.2.2	55968
190	1521394922.864318	10.0.2.2	55966
191	1521394922.875951	10.0.2.2	55970
192	1521394922.876248	10.0.2.2	55972
193	1521394922.876408	172.17.0.2	8080
194	1521394922.876412	172.17.0.2	8080
195	1521394922.877706	10.0.2.2	55952
196	1521394922.878051	172.17.0.2	8080
197	1521394922.878174	172.17.0.2	8080
198	1521394922.878177	172.17.0.2	8080
199	1521394922.878179	172.17.0.2	8080
200	1521394922.878182	172.17.0.2	8080
201	1521394922.878224	10.0.2.2	55972
202	1521394922.880002	172.17.0.2	8080
203	1521394922.880077	10.0.2.2	55952
204	1521394922.886321	10.0.2.2	55952
205	1521394922.886627	172.17.0.2	8080
206	1521394922.886656	172.17.0.2	8080
207	1521394922.888104	172.17.0.2	8080
208	1521394922.888792	10.0.2.2	55968
209	1521394922.888969	172.17.0.2	8080
210	1521394922.888974	172.17.0.2	8080
211	1521394922.890844	172.17.0.2	8080
212	1521394922.890889	10.0.2.2	55968
213	1521394922.899336	10.0.2.2	55968
214	1521394922.900592	172.17.0.2	8080
215	1521394922.900609	172.17.0.2	8080
216	1521394922.902633	172.17.0.2	8080
217	1521394922.906764	10.0.2.2	55952
218	1521394922.907021	172.17.0.2	8080
219	1521394922.908712	172.17.0.2	8080
220	1521394922.912347	10.0.2.2	55966
221	1521394922.91253	172.17.0.2	8080
222	1521394922.912535	172.17.0.2	8080
223	1521394922.914611	172.17.0.2	8080
224	1521394922.914665	10.0.2.2	55966
225	1521394922.921132	10.0.2.2	55970
226	1521394922.921383	172.17.0.2	8080
227	1521394922.92139	172.17.0.2	8080
228	1521394922.923145	172.17.0.2	8080
229	1521394922.923186	10.0.2.2	55970
230	1521394922.923502	10.0.2.2	55972
231	1521394922.923661	172.17.0.2	8080
232	1521394922.923666	172.17.0.2	8080
233	1521394922.925232	172.17.0.2	8080
234	1521394922.925268	10.0.2.2	55972
235	1521394922.936488	10.0.2.2	55952
236	1521394922.936673	172.17.0.2	8080
237	1521394922.939384	172.17.0.2	8080
238	1521394922.940026	10.0.2.2	55968
239	1521394922.944562	10.0.2.2	55972
240	1521394922.944741	172.17.0.2	8080
241	1521394922.944746	172.17.0.2	8080
242	1521394922.946796	172.17.0.2	8080
243	1521394922.967698	10.0.2.2	55972
244	1521394922.967915	172.17.0.2	8080
245	1521394922.970352	172.17.0.2	8080
246	1521394922.973401	10.0.2.2	55970
247	1521394922.973586	172.17.0.2	8080
248	1521394922.973591	172.17.0.2	8080
249	1521394922.975219	172.17.0.2	8080
250	1521394922.97532	10.0.2.2	55970
251	1521394922.975954	10.0.2.2	55952
252	1521394922.97665	10.0.2.2	55972
253	1521394922.976849	172.17.0.2	8080
254	1521394922.978683	172.17.0.2	8080
255	1521394922.979161	10.0.2.2	55966
256	1521394922.979328	172.17.0.2	8080
257	1521394922.979333	172.17.0.2	8080
258	1521394922.981173	172.17.0.2	8080
259	1521394922.981275	10.0.2.2	55966
260	1521394922.986969	10.0.2.2	55966
261	1521394922.987146	172.17.0.2	8080
262	1521394922.98718	172.17.0.2	8080
263	1521394922.988962	172.17.0.2	8080
264	1521394922.99321	10.0.2.2	55972
265	1521394922.993406	172.17.0.2	8080
266	1521394922.995191	172.17.0.2	8080
267	1521394922.996684	10.0.2.2	55966
268	1521394922.99687	172.17.0.2	8080
269	1521394922.998694	172.17.0.2	8080
270	1521394923.002779	10.0.2.2	55972
271	1521394923.002954	172.17.0.2	8080
272	1521394923.005131	172.17.0.2	8080
273	1521394923.009776	10.0.2.2	55972
274	1521394923.009962	172.17.0.2	8080
275	1521394923.011643	172.17.0.2	8080
276	1521394923.016672	10.0.2.2	55966
277	1521394923.016842	172.17.0.2	8080
278	1521394923.018782	172.17.0.2	8080
279	1521394923.039334	10.0.2.2	55952
280	1521394923.039564	172.17.0.2	8080
281	1521394923.039571	172.17.0.2	8080
282	1521394923.042146	172.17.0.2	8080
283	1521394923.042213	10.0.2.2	55952
284	1521394923.043606	10.0.2.2	55972
285	1521394923.043785	172.17.0.2	8080
286	1521394923.050232	10.0.2.2	55952
287	1521394923.050424	172.17.0.2	8080
288	1521394923.050429	172.17.0.2	8080
289	1521394923.052156	10.0.2.2	55968
290	1521394923.052357	172.17.0.2	8080
291	1521394923.052362	172.17.0.2	8080
292	1521394923.054184	10.0.2.2	55970
293	1521394923.054582	172.17.0.2	8080
294	1521394923.054638	172.17.0.2	8080
295	1521394923.055977	10.0.2.2	55966
296	1521394923.061624	10.0.2.2	55959
297	1521394923.061796	172.17.0.2	8080
298	1521394923.069116	10.0.2.2	55966
299	1521394923.069386	172.17.0.2	8080
300	1521394923.069398	172.17.0.2	8080
301	1521394927.154014	172.17.0.2	8080
302	1521394927.154076	10.0.2.2	55966
303	1521394927.252508	10.0.2.2	55966
304	1521394927.252627	10.0.2.2	55966
305	1521394927.252691	172.17.0.2	8080
306	1521394927.252696	172.17.0.2	8080
307	1521394927.25277	172.17.0.2	8080
308	1521394927.252772	172.17.0.2	8080
309	1521394927.252774	172.17.0.2	8080
310	1521394927.252775	172.17.0.2	8080
311	1521394927.252777	172.17.0.2	8080
312	1521394927.252898	10.0.2.2	55966
313	1521394927.252985	172.17.0.2	8080
314	1521394927.265234	10.0.2.2	55966
315	1521394927.26744	172.17.0.2	8080
316	1521394928.43434	172.17.0.2	8080
317	1521394928.434384	10.0.2.2	55966
318	1521394928.503331	10.0.2.2	55966
319	1521394928.50344	10.0.2.2	55966
320	1521394928.503528	10.0.2.2	55966
321	1521394928.503625	172.17.0.2	8080
322	1521394928.503629	172.17.0.2	8080
323	1521394928.503631	172.17.0.2	8080
324	1521394928.503632	172.17.0.2	8080
325	1521394928.503633	172.17.0.2	8080
326	1521394928.503635	172.17.0.2	8080
327	1521394928.503636	172.17.0.2	8080
328	1521394928.503638	172.17.0.2	8080
329	1521394928.50364	172.17.0.2	8080
330	1521394928.510017	10.0.2.2	55966
331	1521394928.510989	172.17.0.2	8080
332	1521394933.86599	172.17.0.2	8080
333	1521394933.866035	10.0.2.2	55966
334	1521394933.908798	10.0.2.2	55966
335	1521394933.90902	172.17.0.2	8080
336	1521394933.909026	172.17.0.2	8080
337	1521394933.909028	172.17.0.2	8080
338	1521394933.90903	172.17.0.2	8080
339	1521394933.909032	172.17.0.2	8080
340	1521394933.90929	10.0.2.2	55966
341	1521394933.909454	172.17.0.2	8080
342	1521394933.90946	172.17.0.2	8080
343	1521394933.909494	10.0.2.2	55966
344	1521394933.909924	172.17.0.2	8080
345	1521394933.919997	172.17.0.2	8080
346	1521394933.92006	10.0.2.2	55959
347	1521394933.921516	10.0.2.2	55959
348	1521394933.921763	172.17.0.2	8080
349	1521394933.92177	172.17.0.2	8080
350	1521394933.921773	172.17.0.2	8080
351	1521394933.921776	172.17.0.2	8080
352	1521394933.921927	10.0.2.2	55959
353	1521394933.922111	172.17.0.2	8080
354	1521394933.923712	10.0.2.2	55966
355	1521394933.925302	172.17.0.2	8080
356	1521394938.008579	172.17.0.2	8080
357	1521394938.008628	10.0.2.2	55966
358	1521394938.538495	10.0.2.2	55966
359	1521394938.538596	10.0.2.2	55966
360	1521394938.538801	172.17.0.2	8080
361	1521394938.538809	172.17.0.2	8080
362	1521394938.538812	172.17.0.2	8080
363	1521394938.538814	172.17.0.2	8080
364	1521394938.538816	172.17.0.2	8080
365	1521394938.538818	172.17.0.2	8080
366	1521394938.538821	172.17.0.2	8080
367	1521394938.538918	10.0.2.2	55966
368	1521394938.539036	172.17.0.2	8080
369	1521394938.615525	10.0.2.2	55966
370	1521394938.615798	172.17.0.2	8080
371	1521394942.042459	172.17.0.2	8080
372	1521394942.04252	10.0.2.2	55966
373	1521394942.140692	10.0.2.2	55966
374	1521394942.140792	10.0.2.2	55966
375	1521394942.140886	172.17.0.2	8080
376	1521394942.140893	172.17.0.2	8080
377	1521394942.140896	172.17.0.2	8080
378	1521394942.140898	172.17.0.2	8080
379	1521394942.140925	172.17.0.2	8080
380	1521394942.140931	172.17.0.2	8080
381	1521394942.140933	172.17.0.2	8080
382	1521394942.141012	10.0.2.2	55966
383	1521394942.14112	172.17.0.2	8080
384	1521394942.141124	172.17.0.2	8080
385	1521394942.141127	172.17.0.2	8080
386	1521394942.143351	10.0.2.2	55966
387	1521394942.143507	172.17.0.2	8080
388	1521394946.069212	10.0.2.2	55972
389	1521394946.069412	172.17.0.2	8080
390	1521394946.069471	10.0.2.2	55952
391	1521394946.069622	172.17.0.2	8080
392	1521394946.069673	10.0.2.2	55968
393	1521394946.069825	172.17.0.2	8080
394	1521394946.069869	10.0.2.2	55970
395	1521394946.070018	172.17.0.2	8080
396	1521394956.074746	10.0.2.2	55959
397	1521394956.074935	172.17.0.2	8080
398	1521394966.075233	10.0.2.2	55966
399	1521394966.075465	172.17.0.2	8080
400	1521394990.853667	172.17.0.2	8080
401	1521394990.853686	172.17.0.1	44126
402	1521394990.853692	172.17.0.2	8080
403	1521394990.853758	172.17.0.2	8080
404	1521394990.85377	172.17.0.1	44126
405	1521394990.940312	172.17.0.1	44126
406	1521394990.940323	172.17.0.2	8080
407	1521394990.94033	172.17.0.1	44126
408	1521394990.940332	172.17.0.2	8080
409	1521394990.943891	172.17.0.2	8080
410	1521394990.949407	172.17.0.1	44126
411	1521394990.949417	172.17.0.2	8080
412	1521394990.951015	172.17.0.1	44126
413	1521394990.951023	172.17.0.2	8080
414	1521394990.951236	172.17.0.1	44126
415	1521394990.951239	172.17.0.2	8080
416	1521394995.819081	172.17.0.2	8080
417	1521394995.819099	172.17.0.1	39926
418	1521394995.819105	172.17.0.2	8080
419	1521394995.81916	172.17.0.2	8080
420	1521394995.819172	172.17.0.1	39926
421	1521394995.905602	172.17.0.1	39926
422	1521394995.905613	172.17.0.2	8080
423	1521394995.905621	172.17.0.1	39926
424	1521394995.905623	172.17.0.2	8080
425	1521394995.905643	172.17.0.1	39926
426	1521394995.905646	172.17.0.2	8080
427	1521394995.907189	172.17.0.1	39926
428	1521394995.907195	172.17.0.2	8080
429	1521394995.907377	172.17.0.1	39926
430	1521394995.911054	172.17.0.2	8080
431	1521394995.911073	172.17.0.1	39926
432	1521395000.997722	172.17.0.2	8080
433	1521395000.99774	172.17.0.1	48404
434	1521395000.997746	172.17.0.2	8080
435	1521395000.997805	172.17.0.2	8080
436	1521395000.997816	172.17.0.1	48404
437	1521395001.045628	172.17.0.1	48404
438	1521395001.045643	172.17.0.2	8080
439	1521395001.045651	172.17.0.1	48404
440	1521395001.045654	172.17.0.2	8080
441	1521395001.045678	172.17.0.1	48404
442	1521395001.045681	172.17.0.2	8080
443	1521395001.047197	172.17.0.1	48404
444	1521395001.047205	172.17.0.2	8080
445	1521395001.050772	172.17.0.2	8080
446	1521395001.055355	172.17.0.1	48404
447	1521395001.055366	172.17.0.2	8080
448	1521395031.895322	172.17.0.2	8080
449	1521395031.89534	172.17.0.1	56412
450	1521395031.895345	172.17.0.2	8080
451	1521395031.895408	172.17.0.2	8080
452	1521395031.895419	172.17.0.1	56412
453	1521395031.954225	172.17.0.1	56412
454	1521395031.954238	172.17.0.2	8080
455	1521395031.954245	172.17.0.1	56412
456	1521395031.954247	172.17.0.2	8080
457	1521395031.954271	172.17.0.1	56412
458	1521395031.954274	172.17.0.2	8080
459	1521395031.95592	172.17.0.1	56412
460	1521395031.955926	172.17.0.2	8080
461	1521395031.959984	172.17.0.2	8080
462	1521395031.965647	172.17.0.1	56412
463	1521395031.965659	172.17.0.2	8080
464	1521395034.210872	172.17.0.2	8080
465	1521395034.21089	172.17.0.1	60510
466	1521395034.210896	172.17.0.2	8080
467	1521395034.210954	172.17.0.2	8080
468	1521395034.210965	172.17.0.1	60510
469	1521395034.293532	172.17.0.1	60510
470	1521395034.293541	172.17.0.2	8080
471	1521395034.293549	172.17.0.1	60510
472	1521395034.293551	172.17.0.2	8080
473	1521395034.293574	172.17.0.1	60510
474	1521395034.293577	172.17.0.2	8080
475	1521395034.295152	172.17.0.1	60510
476	1521395034.295156	172.17.0.2	8080
477	1521395034.299565	172.17.0.2	8080
478	1521395034.302881	172.17.0.1	60510
479	1521395034.302889	172.17.0.2	8080
480	1521395037.03503	172.17.0.2	8080
481	1521395037.035049	172.17.0.1	55308
482	1521395037.035054	172.17.0.2	8080
483	1521395037.038065	172.17.0.2	8080
484	1521395037.038079	172.17.0.1	55308
485	1521395037.110389	172.17.0.1	55308
486	1521395037.110407	172.17.0.2	8080
487	1521395037.110419	172.17.0.1	55308
488	1521395037.110422	172.17.0.2	8080
489	1521395037.110504	172.17.0.1	55308
490	1521395037.110511	172.17.0.2	8080
491	1521395037.116765	172.17.0.1	55308
492	1521395037.116772	172.17.0.2	8080
493	1521395037.12045	172.17.0.2	8080
494	1521395037.123826	172.17.0.1	55308
495	1521395037.123842	172.17.0.2	8080
496	1521395046.664397	172.17.0.2	8080
497	1521395046.664416	172.17.0.1	36782
498	1521395046.664421	172.17.0.2	8080
499	1521395046.664477	172.17.0.2	8080
500	1521395046.664488	172.17.0.1	36782
501	1521395046.739355	172.17.0.1	36782
502	1521395046.739365	172.17.0.2	8080
503	1521395046.739373	172.17.0.1	36782
504	1521395046.739375	172.17.0.2	8080
505	1521395046.739396	172.17.0.1	36782
506	1521395046.739399	172.17.0.2	8080
507	1521395046.744679	172.17.0.1	36782
508	1521395046.744686	172.17.0.2	8080
509	1521395046.748152	172.17.0.2	8080
510	1521395046.75632	172.17.0.1	36782
511	1521395046.756332	172.17.0.2	8080
512	1521395061.489961	172.17.0.2	8080
513	1521395061.489979	172.17.0.1	53886
514	1521395061.489985	172.17.0.2	8080
515	1521395061.490042	172.17.0.2	8080
516	1521395061.490054	172.17.0.1	53886
517	1521395061.499991	172.17.0.1	53886
518	1521395061.499998	172.17.0.2	8080
519	1521395061.515452	172.17.0.1	53886
520	1521395061.520157	172.17.0.2	8080
521	1521395061.52018	172.17.0.1	53886
522	1521395073.060255	172.17.0.2	8080
523	1521395073.060274	172.17.0.1	34322
524	1521395073.060279	172.17.0.2	8080
525	1521395073.060337	172.17.0.2	8080
526	1521395073.060349	172.17.0.1	34322
527	1521395073.073307	172.17.0.1	34322
528	1521395073.073315	172.17.0.2	8080
529	1521395073.088073	172.17.0.1	34322
530	1521395073.091634	172.17.0.2	8080
531	1521395073.091652	172.17.0.1	34322
532	1521395109.142534	172.17.0.2	8080
533	1521395109.142553	172.17.0.1	59796
534	1521395109.142558	172.17.0.2	8080
535	1521395109.142614	172.17.0.2	8080
536	1521395109.142626	172.17.0.1	59796
537	1521395109.190997	162.212.156.148	80
538	1521395109.205613	172.17.0.2	39066
539	1521395109.208705	172.17.0.1	59796
540	1521395109.208717	172.17.0.2	8080
541	1521395109.225819	172.17.0.1	59796
542	1521395109.229382	172.17.0.2	8080
543	1521395109.229399	172.17.0.1	59796
544	1521395122.845903	172.17.0.2	8080
545	1521395122.845921	172.17.0.1	55788
546	1521395122.845926	172.17.0.2	8080
547	1521395122.848523	172.17.0.2	8080
548	1521395122.848541	172.17.0.1	55788
549	1521395122.858607	162.212.156.148	80
550	1521395122.872383	172.17.0.2	34370
551	1521395122.872442	162.212.156.148	80
552	1521395122.87261	162.212.156.148	80
553	1521395122.872734	172.17.0.2	34370
554	1521395124.42335	172.17.0.2	34370
555	1521395124.423537	162.212.156.148	80
556	1521395125.199485	172.17.0.2	34370
557	1521395125.199527	162.212.156.148	80
558	1521395126.245068	172.17.0.2	34370
559	1521395126.245189	162.212.156.148	80
560	1521395127.359595	172.17.0.2	34370
561	1521395127.359647	162.212.156.148	80
562	1521395127.864326	172.17.0.2	34370
563	1521395127.86567	162.212.156.148	80
564	1521395127.865846	172.17.0.2	34370
565	1521395127.866264	172.17.0.1	55788
566	1521395127.866273	172.17.0.2	8080
567	1521395127.882045	172.17.0.1	55788
568	1521395127.885892	172.17.0.2	8080
569	1521395127.885911	172.17.0.1	55788
570	1521395147.157782	172.17.0.2	8080
571	1521395147.1578	172.17.0.1	55058
572	1521395147.157805	172.17.0.2	8080
573	1521395147.160066	172.17.0.2	8080
574	1521395147.160079	172.17.0.1	55058
575	1521395147.175547	172.17.0.1	55058
576	1521395147.175552	172.17.0.2	8080
577	1521395147.186834	172.17.0.1	55058
578	1521395147.190608	172.17.0.2	8080
579	1521395147.190628	172.17.0.1	55058
580	1521395162.83718	172.17.0.2	8080
581	1521395162.837199	172.17.0.1	60130
582	1521395162.837205	172.17.0.2	8080
583	1521395162.837276	172.17.0.2	8080
584	1521395162.837292	172.17.0.1	60130
585	1521395162.841167	172.17.0.1	60130
586	1521395162.846316	172.17.0.2	8080
587	1521395162.861317	172.17.0.1	60130
588	1521395162.864978	172.17.0.2	8080
589	1521395162.864995	172.17.0.1	60130
590	1521395163.444688	172.17.0.2	8080
591	1521395163.444707	172.17.0.1	54084
592	1521395163.444713	172.17.0.2	8080
593	1521395163.444769	172.17.0.2	8080
594	1521395163.444781	172.17.0.1	54084
595	1521395163.448078	172.17.0.1	54084
596	1521395163.450026	172.17.0.2	8080
597	1521395163.476642	172.17.0.1	54084
598	1521395163.480356	172.17.0.2	8080
599	1521395163.480447	172.17.0.1	54084
